{"cameraMode":{"drawMode":0,"name":"Shaded","section":"Shading Mode"},"sceneLighting":true,"audioPlay":false,"sceneViewState":{"m_AlwaysRefresh":false,"showFog":true,"showSkybox":true,"showFlares":true,"showImageEffects":true,"showParticleSystems":true,"showVisualEffectGraphs":true,"m_FxEnabled":true},"in2DMode":false,"pivot":{"x":3.881103277206421,"y":-3.0686347484588625,"z":-1.5329275131225587},"rotation":{"x":-0.14697383344173432,"y":0.8299227356910706,"z":-0.25837185978889468,"w":-0.4720992147922516},"size":7.1749982833862309,"orthographic":false}